id,branch_id,name,salary,active,address,email,created_at
1,1,Frank Martin,27080677.37,True,"59183 Buchanan Mission Apt. 789
Careytown, WY 99831",oalvarez@example.org,2023-02-24 04:05:10
2,1,Megan Nelson,38296512.13,True,"USCGC Wilson
FPO AA 33615",williamsjulie@example.com,2023-09-17 09:24:07
3,1,Joshua Nelson,12781463.45,True,"999 John Stravenue Apt. 966
Gallagherton, GU 64778",angela19@example.org,2022-07-02 06:25:08
4,1,James Abbott,33960836.42,True,"49621 Marshall Vista
East Jessicashire, PA 83509",hodgesdaisy@example.org,2020-11-13 14:05:32
5,1,Erica Price,25335423.84,False,"21018 Gregory Fords
Jonesland, NY 04868",acantu@example.com,2023-03-09 19:16:59
6,1,Alejandro Castillo,13309606.66,True,"8508 Frank Locks Suite 292
East Pamela, MO 92582",steve21@example.com,2022-12-21 11:52:55
7,1,Charles Holmes,13254431.72,True,"174 Ellis Cliff
Lake Emilyberg, GA 09071",danielle05@example.net,2020-02-01 06:41:31
8,1,Tammy Cunningham,38878723.27,False,"80184 Heidi Crossing Apt. 586
Barbaramouth, GU 16710",eric56@example.net,2020-05-02 14:52:02
9,1,Cindy Vaughn,8603766.16,True,"1471 Nancy Meadow Apt. 851
Danielleberg, CT 39834",marshmitchell@example.net,2023-07-01 18:03:46
10,2,Mr. Kevin Simpson,23677953.51,True,"637 Michelle Mews Suite 747
Jenniferchester, OR 49703",xturner@example.org,2023-02-26 11:59:54
11,2,Francisco Ward,17274743.47,True,"Unit 6317 Box 0967
DPO AP 26551",annettecoleman@example.net,2023-05-17 14:57:30
12,2,Deborah Bishop,10836142.4,True,"20960 York Grove Apt. 396
West Thomas, NY 04182",ablackwell@example.net,2024-03-26 14:00:34
13,2,Juan Jackson,29706090.75,False,"9551 Jessica Mountains
Browntown, MI 16678",gordonwesley@example.com,2022-06-23 16:26:52
14,2,Anthony Mendoza,34152753.57,False,"Unit 6758 Box 9674
DPO AE 30850",ybrooks@example.net,2022-02-22 10:52:54
15,2,Destiny Payne,34216680.14,False,"7761 Mcintyre Crescent Apt. 333
Chasetown, NE 97022",jocelyn55@example.org,2021-07-09 15:31:03
16,2,Jennifer Randall,18655937.27,True,"07695 Mckinney Estate
Wardport, MT 69075",johngutierrez@example.net,2020-12-31 12:54:23
17,2,Michael Adams,25107417.27,False,"54668 Hailey Wells
East Michelestad, OH 24122",deckerluis@example.net,2022-02-07 09:09:08
18,2,Carolyn Sanchez,36765861.24,False,"1973 Michelle Alley Suite 064
Hardymouth, MS 10207",hpalmer@example.org,2023-04-05 17:21:09
19,3,Joshua Burton,23631923.07,True,"593 Christopher Valley Suite 927
South Patricia, FL 35136",cclements@example.org,2024-02-21 11:07:06
20,3,Elizabeth Wilson,25028655.5,True,"87090 David Path
Dunnview, MO 36771",tina61@example.com,2025-01-25 19:04:16
21,3,Tyler Choi,26540458.44,True,"65689 Donovan Falls
South Angela, CT 20913",cwells@example.net,2023-09-08 07:04:12
22,3,Raymond Levine,25276394.41,False,"56364 Kathleen Stravenue Apt. 050
Lake Donna, PW 43257",david62@example.net,2024-04-24 13:39:36
23,3,Megan Bishop,9032956.22,True,"047 Andersen Manors Apt. 944
Port Jerryville, IN 34153",andrew21@example.org,2021-05-27 07:35:35
24,3,Michael Padilla,37046879.5,False,"91190 Callahan Court
East Elizabethfort, WV 07864",lindsayshields@example.net,2020-12-07 13:08:19
25,3,Peter Mann,14830389.16,True,"2173 Seth Pike Suite 475
Tonyaside, LA 51368",corey47@example.net,2022-07-14 14:12:46
26,4,Jessica Hunter,26407044.02,True,"77205 Robert Ranch
Simpsonstad, PW 88528",davidayers@example.com,2020-10-21 18:58:20
27,4,Stephen Bowen,8665891.91,True,"30039 Lauren Forges Apt. 415
Curtisland, MI 68547",jacqueline88@example.org,2020-11-26 23:55:16
28,4,Timothy Adams,34683538.91,True,"7656 Alexander Cove
North Sheilaborough, NH 38240",veronicaelliott@example.net,2023-09-20 02:06:47
29,4,Adrian Conway,32048274.04,True,"610 Kristina Corner Suite 232
North Josephhaven, SC 60367",estesmichael@example.net,2022-01-25 23:06:32
30,4,Michael Harris,10908320.72,False,"132 Pierce Loaf
East Stephenton, RI 03301",ramosvictoria@example.org,2025-01-25 23:46:30
31,4,Christopher Rivera,25331656.03,False,"1305 Cory Green
Lake David, VT 69840",hayesclarence@example.net,2022-06-03 16:18:12
32,5,Martin Keller,21301412.34,True,"861 Brian Fort
Chadport, DE 66500",anthonytammy@example.net,2022-12-21 20:11:54
33,5,Zachary Rodriguez,17424569.33,True,"PSC 9869, Box 4269
APO AP 31319",scott93@example.net,2024-11-29 18:19:08
34,5,Ronald Brown,9763694.63,True,"PSC 4049, Box 7648
APO AP 44274",carnold@example.com,2020-04-27 08:37:17
35,5,Becky Hernandez,18143665.48,True,"002 Stout Glen
New Gregory, DE 29675",rachel87@example.net,2021-03-21 18:13:20
36,5,Drew Fitzgerald,26664123.12,True,"708 Brown Village
Blackberg, MH 61461",charlesgrimes@example.org,2022-12-08 16:42:01
37,5,Lauren Martinez,10001270.74,True,"40167 Michael Greens Suite 246
Kellybury, NE 26422",castillocrystal@example.com,2022-04-29 15:09:42
38,5,Robert Bowers,19625696.5,False,"1603 Poole Harbor Apt. 326
Danielmouth, CT 33309",ygarza@example.net,2022-04-10 21:02:31
39,5,Victoria Lara,17626481.33,True,"90071 Kari Underpass Suite 358
Patrickville, LA 52118",robinsonkelsey@example.com,2020-10-14 17:57:32
40,5,Dr. Dawn Carrillo,33246956.8,False,"6115 Higgins Drives
Bakerberg, AR 72827",hblack@example.com,2021-05-22 20:08:30
41,5,Kimberly Wheeler,32667858.71,False,"4675 Alvarado Ports Apt. 982
South Lisa, MH 22699",lindsay55@example.net,2022-02-01 15:52:09
42,6,Mr. Malik Mendoza,20878532.46,True,"0285 Deleon Street
West Reneebury, MH 17176",grios@example.com,2020-02-18 10:59:19
43,6,Kevin Gutierrez,37817283.9,True,"6428 Steven Islands
Kaitlynmouth, CO 37520",jordanrichard@example.com,2021-02-20 02:30:41
44,6,Janice Barber,20079962.89,True,"6458 Diaz Field Apt. 936
Ericstad, LA 31319",jennifer03@example.net,2025-01-05 01:39:46
45,6,Kimberly Gilbert,34169322.51,True,"8762 Brenda Pike
Garciatown, LA 21657",xlee@example.org,2024-05-12 17:56:31
46,6,Julie Payne,17292798.45,True,"32819 Tiffany Drive Apt. 439
Hannahfurt, AS 14315",annagilbert@example.net,2022-01-04 17:31:29
47,6,Rebecca Wong,35072645.42,True,"USCGC Tran
FPO AE 42950",georgeayers@example.com,2022-10-02 20:28:40
48,6,Sean Mathews,27352418.81,False,"03927 Nicholas Cliff Apt. 354
East Justinmouth, SD 79447",gmarks@example.net,2024-01-08 07:30:56
49,7,Carol Rasmussen,23347876.98,True,"834 Pacheco Mission
Powellport, AL 85742",amandayoung@example.com,2024-11-29 02:21:36
50,7,Karen Cobb,23355659.14,True,"24906 Lynn Meadows Apt. 800
Millermouth, DC 81279",mgordon@example.org,2023-05-23 04:56:05
51,7,Stefanie Aguilar,15328387.31,True,"56843 Butler Mill Suite 860
Nataliemouth, IN 54900",melvin37@example.com,2021-04-12 22:42:12
52,7,Jasmine Wiley,15927295.07,False,"PSC 2937, Box 6098
APO AE 84166",gmartin@example.com,2023-12-16 05:53:45
53,7,Sarah Smith,12737041.47,True,"51559 Charles Valley
Michaelside, CA 92399",stephanieshea@example.org,2020-07-18 00:20:58
54,7,Thomas Doyle,37751954.15,False,"16637 Owens Turnpike Apt. 733
Brownhaven, ID 48310",angela80@example.net,2021-10-05 08:00:39
55,8,Robert Gross,36561719.34,True,"9164 Derek Mall Apt. 040
Saraberg, TN 79230",archerbrianna@example.net,2023-04-02 15:32:11
56,8,Micheal Pacheco,39402805.08,True,"81969 Ronald Turnpike
South Mary, SC 87433",molly53@example.org,2024-09-13 09:43:06
57,8,Charles Hawkins,16940231.74,True,"3964 Blackburn Estates Apt. 943
Lake Tracieview, ID 10683",michaelmiranda@example.net,2024-06-04 06:37:43
58,8,Andrew Carey,28355557.62,False,"247 Elizabeth Grove
Jonathanland, MI 69760",gwalker@example.com,2022-02-17 21:18:17
59,8,Wendy Barker,13437268.9,False,"1666 Floyd Neck Suite 575
Lake Melissaberg, NC 40401",john75@example.com,2024-02-13 12:15:04
60,8,William Jacobs,24981053.16,True,"90398 Miller Drive Suite 772
Gatesbury, IA 85630",robertwillis@example.org,2020-10-11 14:19:13
61,8,Cheryl Hayes,10170769.28,True,"59656 Anthony Gardens
West Curtis, AS 41765",kiddkrista@example.org,2022-01-19 11:22:56
62,8,Jennifer Price,17847880.69,True,"Unit 8111 Box 8418
DPO AA 81025",hernandezmadison@example.net,2020-06-06 00:35:53
63,8,Christopher Hickman,10085558.32,False,"22638 Eric Hollow Suite 510
Donaldhaven, IN 30117",justinadams@example.net,2024-03-01 23:40:19
64,9,Mr. David Ross,23441271.63,True,"082 Harvey Branch
East Katietown, IL 74962",mcbrideshirley@example.org,2022-06-13 23:53:00
65,9,Monica Guerrero,25838188.84,True,"91044 Rebecca Dam Suite 342
Clarkhaven, KS 14863",chadporter@example.com,2021-11-28 05:38:54
66,9,Ian Sellers,13949018.32,True,"5635 Brett Spring Apt. 186
Henryfurt, SC 56104",matthewparker@example.org,2020-02-26 15:21:54
67,9,Jacqueline Marshall,29003444.26,True,"PSC 0931, Box 4051
APO AA 11336",vrosario@example.com,2020-06-10 13:55:06
68,9,Chelsea Bennett MD,10552166.28,True,"95543 Gabriela Lakes Apt. 633
Gonzalezville, AK 37981",mcdonaldalicia@example.com,2024-06-10 16:09:41
69,10,Spencer Payne,16881305.44,True,"296 Chase Heights Apt. 094
North Nancyhaven, PW 86002",zanderson@example.net,2023-09-30 08:04:44
70,10,Ann Smith,34165279.46,True,"501 Mitchell Branch Suite 462
East Mandyville, VT 82679",gloriahughes@example.com,2020-11-05 08:41:26
71,10,Morgan Baker,33007971.48,True,"2461 John Plains
Sherylside, MP 79707",paulwalters@example.net,2024-07-12 02:19:03
72,10,Timothy Jones,8305931.52,True,"774 Gibson Drives Suite 348
Lake Mary, AS 33110",browndaniel@example.net,2024-06-08 13:00:38
73,10,Cassandra Liu,12874386.07,False,"31754 Cole Mountain
West Karenville, LA 17642",gabriel02@example.net,2023-12-16 09:13:12
74,10,Stephen Logan,20535589.0,False,"6994 Amber Crest Suite 582
Gonzalesfort, MI 91262",wardmichael@example.net,2023-12-12 12:33:08
75,10,Shannon Cox,13962275.62,False,"PSC 6702, Box 4401
APO AA 39393",dawnanderson@example.org,2024-11-24 19:54:33
76,11,Danielle Harrington,26465061.16,True,"0437 Sydney Ramp Apt. 966
Shannonborough, FM 64484",jasonanderson@example.com,2023-11-11 14:41:08
77,11,Jesse Stevens,22981521.92,True,"3396 Gillespie Island Suite 011
Lake Ryanville, VT 63640",garretttoni@example.org,2022-02-08 12:43:43
78,11,Michael Mckenzie,16478304.15,True,"1792 Nathan Island
New Matthew, WV 56400",nicholaszimmerman@example.net,2021-08-01 16:37:57
79,11,Michael Williams,9282559.15,True,"627 Angela Groves
Port Teresamouth, WA 16528",simsmargaret@example.net,2023-08-26 02:02:55
80,11,Monica Shaffer,32516731.15,False,"707 Daniels Lock
Laurenmouth, DC 45865",parrishalbert@example.com,2023-04-06 03:11:27
81,11,Jill Barber,18427391.73,False,"076 Julie Club
Alexanderburgh, PW 20905",erica39@example.net,2023-12-30 11:50:42
82,11,Samuel Hester Jr.,25845046.16,True,"3645 Cook Run Suite 353
Michaelton, OK 21707",brittany76@example.org,2024-05-03 07:20:11
83,11,Mary Hunter,38138680.92,False,"4694 Bryan Islands Apt. 269
Lake Steventown, AK 57336",curtis22@example.net,2022-10-03 16:59:07
84,11,Allison Evans,8639838.66,False,"03190 Russell Land
Lewisbury, FL 84784",rachelmurphy@example.org,2023-09-11 23:59:34
85,11,Mr. Steven Singh,18353693.54,True,"921 Karen Dale
South Angelaport, PA 19472",mbrown@example.org,2021-07-06 12:55:53
86,12,Elizabeth Carson,22227783.76,True,"595 Watkins Overpass Suite 290
New Jessica, WV 16427",erin76@example.net,2020-05-25 10:49:53
87,12,Jonathan Johnson,10709731.8,True,"45136 Hamilton Loop Suite 124
Alyssaland, VI 86930",uandrews@example.net,2020-07-05 01:31:33
88,12,Haley Riddle MD,14186003.95,True,"8111 Dunn Centers Suite 846
Monicaport, AS 68981",mccalljacob@example.com,2021-09-16 07:25:32
89,12,Renee Jordan,18847991.54,True,"USS Morales
FPO AP 74040",karen18@example.net,2020-05-25 05:00:12
90,12,Rita Smith,21365991.75,True,"53843 Carrillo Club
West Ericside, WY 13936",ricky02@example.net,2023-01-05 22:40:56
91,12,Monica Gomez,35827083.29,True,"6154 Martinez Mill Apt. 825
Alexanderport, GA 56076",jhernandez@example.net,2023-06-09 17:11:15
92,12,Jeffery Hartman,22651097.17,False,"6913 Jared Forges
New Nicoleview, CT 76563",anthonymitchell@example.net,2021-04-03 10:46:11
93,12,Eric Price,36387439.96,True,"5052 Elizabeth Overpass Apt. 825
New Nicole, MT 60441",rogerdavis@example.net,2021-12-19 14:48:55
94,12,James Davis,16107184.74,False,"4213 Sexton Manors Suite 445
Davistown, GU 22286",sarah96@example.net,2020-01-31 14:04:28
95,13,Mary Jackson,34137065.77,True,"62163 Mary Union
North Latashaville, NY 64881",lauragarcia@example.com,2022-01-10 08:19:48
96,13,Julia Mercer,14864525.84,True,"USNS Henderson
FPO AA 72537",yolandakeller@example.com,2021-12-31 02:38:57
97,13,Joshua Ramos,10586210.72,True,"207 Campbell Haven Apt. 087
Allisonchester, WY 52291",lukemcgee@example.com,2020-09-08 09:54:43
98,13,Daniel Taylor,25409022.98,True,"274 Jennifer Islands Apt. 106
Ryantown, OH 58797",cainsara@example.net,2024-07-31 10:36:01
99,13,Charles Downs,33591193.79,True,"6231 Kerr Mount Suite 681
North Christopherport, GA 51124",rhall@example.net,2021-01-30 22:08:19
100,13,Karla Cordova,17796233.07,True,"55863 Mark Inlet
North Shannonborough, WY 73146",clarkdavid@example.com,2025-01-03 20:14:14
101,13,Craig Garner,32050080.42,True,"59735 Michael Valleys
East Dawnton, TX 25493",barbara09@example.org,2023-01-25 17:36:35
102,13,Shannon Miles MD,23112879.09,True,"USNS Bowen
FPO AP 90873",meganlewis@example.com,2022-01-11 06:51:58
103,14,Brianna Lewis,38800387.52,True,"74371 Stephanie Knolls
Rogerchester, AK 81049",katrina32@example.com,2022-01-23 15:20:43
104,14,Patricia Olson,27954835.63,True,"159 Le Fields Suite 840
Lake Justinmouth, NY 82821",robert22@example.org,2020-11-26 03:53:12
105,14,Greg Perez,36018537.33,True,"63237 Clark Mountains Suite 288
South Mikaylaborough, WA 92232",jonesphillip@example.org,2023-06-24 07:41:43
106,14,Theresa Rodriguez,13027584.02,False,"0608 Fox Passage
Petersonburgh, TX 14722",madelinenunez@example.org,2024-04-20 20:26:04
107,14,Kevin Pearson,24346585.12,True,"PSC 3420, Box 8442
APO AP 70163",fieldsjordan@example.com,2024-03-21 05:03:03
108,14,Samuel Mills,32121902.98,True,"28087 Carrie Pines
Reyesland, RI 83834",barry87@example.net,2024-05-04 13:15:13
109,14,Edward Marshall,12040573.76,True,"USCGC Jones
FPO AA 86839",michaelwendy@example.net,2020-03-20 02:17:25
110,14,Riley Warren,11153586.64,False,"89801 Robert Locks Suite 846
North Aprilchester, OH 57583",ecabrera@example.com,2024-11-11 19:23:29
111,14,Mark Carson,16406263.2,True,"37798 Dunn Squares Apt. 366
North Brandi, WA 86972",jamie11@example.net,2020-07-31 14:05:06
112,14,Kayla Doyle,26097621.35,True,"113 White Parkway
Christinachester, ID 17347",pamela34@example.com,2024-06-23 15:45:53
113,15,James Allen,20551074.56,True,"54960 Brenda Terrace Suite 882
East Ian, MH 24627",ekelly@example.com,2020-11-10 06:42:39
114,15,Anthony Moore,31731188.84,True,"1698 Clark Ports Suite 835
Turnerside, MO 82882",qcook@example.com,2022-03-27 05:27:54
115,15,Kiara Salinas,24434517.69,True,"Unit 5152 Box 3911
DPO AE 03322",dana54@example.org,2020-06-25 06:08:55
116,15,Nancy Williams,39196083.21,False,"51967 Rogers Cliffs Apt. 225
Brownfurt, TN 81413",jhall@example.net,2022-07-14 17:30:04
117,15,Destiny Browning,17420146.08,False,"PSC 1476, Box 0241
APO AP 56472",jasongood@example.net,2023-05-10 20:49:45
118,16,Nichole Howell,35970147.35,True,"USCGC Day
FPO AA 54578",fstephens@example.net,2022-06-19 01:56:10
119,16,Charles Palmer,37419387.24,True,"2911 Keith Islands Suite 302
Meghanshire, KY 84195",kimberlyoconnor@example.org,2021-06-17 13:11:47
120,16,Bradley Moreno,32992652.65,True,"481 Carr Freeway Suite 974
Castillofort, RI 84716",cody16@example.com,2023-03-02 01:13:07
121,16,Katherine Johnson,13940591.72,True,"1046 Angela Wall
Fieldshaven, MN 45321",christiansmith@example.net,2024-12-13 15:59:48
122,16,David Curtis,27826992.01,True,"018 Jones Green Suite 233
South Raymondtown, NM 90167",brandonsmith@example.net,2021-02-16 10:27:43
123,16,Sarah Valdez,33456293.49,False,"6015 Daniel Hill Suite 855
Danielview, NM 90620",jhurst@example.com,2023-07-18 03:53:30
124,16,Michael Ferguson,26549459.22,True,"PSC 5967, Box 9865
APO AA 32334",david56@example.net,2024-10-03 00:55:40
125,16,Maria Villegas,38587862.25,False,"0169 Jones Dale Suite 518
New William, SC 22627",sherri82@example.net,2023-07-31 02:15:59
126,17,Jeffrey Perez,15355712.07,True,"5551 Little Pine Suite 858
Hayesstad, ID 36819",blopez@example.com,2020-03-13 00:47:22
127,17,Charles Richmond,25717448.2,True,"35738 Michelle Wells Apt. 522
Rodgerschester, IL 61585",jamesmiller@example.com,2024-03-27 04:58:26
128,17,Denise Zimmerman,34714922.07,True,"936 Robert Plaza Apt. 017
South Melissa, VT 11939",joseph50@example.org,2021-06-29 10:07:28
129,17,Sara Dalton,28986479.03,False,"64648 Robert Canyon
Taylorville, AR 80944",taylormichael@example.com,2023-03-03 14:50:38
130,17,Jeremy Foster,17680115.89,False,"0704 Karen Summit Apt. 715
East Angelaton, CO 27768",blakemary@example.net,2022-12-26 14:10:00
131,17,Carlos Perez,18849592.03,False,"3633 Campbell Ranch Apt. 160
South Jim, IL 22272",valeriefarmer@example.net,2023-12-21 09:54:22
132,17,Michael Gray,24330618.28,False,"2814 Michael Camp Suite 742
Randystad, AL 30996",calvarado@example.org,2020-12-16 18:21:47
133,17,Zoe Sanchez,24797769.54,False,"725 Emily Land Apt. 833
Port Kimberly, AS 48090",millerrodney@example.org,2021-12-02 00:21:58
134,17,Mr. Nicholas Johnson MD,37098917.72,True,"428 Jefferson Crossroad
Watsonland, MS 98077",ronaldmaxwell@example.org,2025-01-25 20:35:21
135,18,Lee Burgess,30712844.62,True,"7041 Shelley Divide
Port Jamesborough, OK 10941",josephjones@example.net,2024-08-13 00:24:47
136,18,Elizabeth Hall,32835698.09,True,"05603 Barnes Forge Suite 212
East Amanda, MN 70877",john98@example.net,2024-08-09 07:27:09
137,18,Tiffany Kim,32069515.87,True,"588 Spencer Landing Suite 659
Randyberg, AK 99036",parkerjustin@example.org,2022-04-16 08:41:01
138,18,Mary Sawyer,18407612.14,False,"Unit 2541 Box 4226
DPO AP 92105",samantha57@example.org,2023-10-16 21:09:04
139,18,Barbara Rogers,20396528.09,True,"897 Kelly Ramp Suite 307
Port Russell, AR 81701",timothy30@example.net,2022-02-11 11:25:38
140,18,Christopher Hunter,9597186.36,False,"USNV Howell
FPO AA 94345",martindanielle@example.org,2023-03-02 19:45:17
141,19,Dr. Jennifer Lee,16466912.33,True,"69154 Clarke Parkways
Matthewhaven, WY 54880",michaeljohnson@example.net,2020-10-17 04:39:44
142,19,Felicia Lewis,16796819.8,True,"0563 White Forks Suite 426
North Beverly, LA 01225",shari77@example.com,2024-01-09 10:41:18
143,19,William Moore,26535459.25,True,"282 Danny River
Port Daniel, MN 93801",kiara58@example.org,2023-09-22 19:21:55
144,19,Amber Smith,23116682.53,False,"06987 Erickson Walk
New Sharonshire, CO 42762",xstout@example.net,2020-06-26 07:08:06
145,19,Holly Johnson,14493376.31,False,"PSC 6836, Box 6464
APO AP 05468",lindasmith@example.net,2024-12-05 16:22:19
146,20,Erin Garcia,18109999.43,True,"33401 Amy Creek Apt. 244
Port Antonio, KS 48316",cjohnson@example.com,2020-04-06 18:11:48
147,20,Brandy Moyer PhD,8835427.63,True,"691 Bell Orchard
Port Kellyfort, CA 59870",mcguirejustin@example.net,2021-06-24 08:58:05
148,20,Mark Hall,18069606.5,True,"1499 Powell Keys Apt. 840
South Crystalport, AL 77947",sean11@example.net,2024-12-29 21:12:24
149,20,William Hernandez,13535828.36,True,"1340 Alyssa Mall
Andrewview, OK 53050",amanda01@example.com,2024-03-26 22:27:47
150,20,Kathy Garner,31798438.18,False,"1925 Greg Street Suite 519
Pinedaland, NC 37503",lindabray@example.net,2020-02-02 14:45:35
151,20,Bethany Myers,36041323.4,False,"8330 Christopher Brook
Port Matthewton, HI 96839",bailey84@example.net,2020-11-25 06:06:25
152,20,Michael Vasquez,33981733.02,True,"0280 Sampson Parks
Lake Kaylee, AS 14937",sharon40@example.org,2024-04-13 09:28:41
153,20,Christopher Bailey,37570810.01,True,"80688 Randall Junctions Suite 685
East Michael, KS 18750",samantha64@example.com,2020-12-03 10:41:29
154,20,Jason Bell,8449241.26,False,"168 Sanchez Lights Apt. 609
Jeanneton, PW 57376",tina51@example.com,2020-04-24 21:24:21
155,20,Leonard Frye,13911112.12,False,"71193 Davis Knolls
Port Kaylee, GU 59432",seanstephens@example.org,2020-01-07 03:36:58
156,21,Jackie Campbell,11675373.84,True,"045 Trevor Plaza Apt. 596
Jenkinsborough, UT 43857",rachelmays@example.net,2024-05-11 01:06:25
157,21,Natalie Johnson,12630765.46,True,"16217 Moran Bypass Suite 532
Kelleyport, GA 27654",eddieroberts@example.net,2024-11-03 23:21:50
158,21,Kevin Parker,38963489.78,True,"2844 Torres Valleys
South Tiffany, MD 98275",johnsonmatthew@example.com,2020-10-17 15:57:40
159,21,Michele Brown,30032352.37,False,"57075 Barber Bridge Apt. 104
Robinsonmouth, OR 39691",catherine51@example.com,2020-02-15 07:08:53
160,21,Kenneth Johnson,30250643.28,False,"635 Elizabeth Throughway
Debbieborough, MA 76368",xhoffman@example.com,2021-04-29 02:08:03
161,22,Aaron Knight,9852844.84,True,"240 Kristina Corner Apt. 737
Williamsburgh, AR 30826",phernandez@example.net,2020-04-04 14:40:37
162,22,Charles Williams,17498853.36,True,"44315 Tyrone Pines Apt. 693
East Jesseburgh, GU 25336",brady28@example.net,2025-02-18 12:53:46
163,22,William Carter,22298807.55,True,"7759 Brian Dam
Port Georgeland, NM 38178",austin41@example.com,2023-01-15 07:07:15
164,22,Jessica Lopez,28185030.01,False,"3473 Kayla Loaf
South Dianafort, WI 64415",veronicahowe@example.org,2022-06-10 20:13:36
165,22,Mary Shaffer,39116349.07,False,"20205 Wilson Manors
Derrickview, LA 38753",rachael00@example.org,2023-05-01 04:36:04
166,22,Lynn Castillo,9744177.59,False,"626 Dyer Pines Apt. 448
New Michaelhaven, IN 85005",maldonadochad@example.net,2020-02-14 14:08:35
167,22,Kenneth Jones,35278886.98,False,"68635 Antonio Causeway Suite 541
South Jenna, SD 95354",lloydhaley@example.net,2021-06-10 23:42:57
168,23,Roberto Barnes,20174967.4,True,"48474 Amber Shore Apt. 048
Evanfort, AZ 16858",maryzimmerman@example.com,2023-07-09 10:53:04
169,23,Samuel Hernandez,26190572.51,True,"44362 Matthew Centers
East Erinmouth, ME 54146",josephnelson@example.com,2025-02-11 18:39:34
170,23,Sylvia Hughes,11344706.2,True,"17558 Joshua Ports
East Ryanland, VI 56067",danielle41@example.net,2024-09-26 19:34:31
171,23,Wesley King,31414831.09,False,"2983 Christina Inlet Suite 435
Ortegaland, AS 93131",butlergeorge@example.org,2022-08-11 01:11:16
172,23,Matthew Bray,30609356.84,False,"62418 Erika Keys Suite 545
Danielchester, PR 17269",derek47@example.com,2022-08-18 02:15:02
173,23,Kelly Peters,9704504.85,False,"5414 Stephen Stravenue Apt. 026
Port Carolshire, RI 62074",eric49@example.org,2023-12-25 04:34:02
174,23,Sarah Diaz,19487248.29,False,"4442 Owen Highway Apt. 640
South April, AZ 78030",catherinefarmer@example.org,2023-10-14 10:26:25
175,23,John Walker,35155774.86,False,"2952 Mckinney Harbors
Markburgh, VT 93469",clifford13@example.org,2020-10-02 19:50:56
176,24,Matthew Miller,21933706.68,True,"424 Rios Causeway Apt. 404
Rachelmouth, CA 18199",lowemichael@example.com,2022-08-13 15:43:19
177,24,David Weeks,27840902.41,True,"797 Gregory Drive Apt. 402
East Michelle, PR 50978",qtorres@example.net,2024-09-17 07:54:10
178,24,Joseph Cox,12795723.64,True,"06246 Sherry Circle Suite 455
Sullivanfurt, DC 32443",ashleyhayes@example.net,2023-04-24 14:33:31
179,24,Dr. Erica Warren,17680946.69,True,"13553 Michael Fields
South Emma, KY 05677",kristyjones@example.net,2021-02-08 02:49:18
180,24,Jennifer Wade,8321289.26,True,"183 Randall Rest
Kellyville, LA 02918",jeffery38@example.net,2021-06-28 12:24:07
181,24,Sarah Wells,18486230.63,False,"6957 Lewis Plain
Lambstad, VT 90687",tinapeterson@example.org,2024-06-06 15:11:33
182,24,Michael Davis,17253652.94,True,"55388 Snyder Lakes
West Josebury, NC 21283",laurenmiller@example.com,2022-02-18 09:21:01
183,24,Mark Castillo,11610764.13,True,"383 Horn Turnpike Apt. 587
Andreaside, RI 32797",jonesjoe@example.org,2022-03-23 12:33:51
184,25,Kristin Farrell,32710918.96,True,"177 Chen Land Suite 886
Mendozastad, VI 07206",nathaniel68@example.net,2024-11-11 19:17:07
185,25,Christine Wells,27542571.12,True,"6269 Antonio Expressway Apt. 811
Benjaminburgh, PA 14941",aaron38@example.com,2024-03-11 23:59:21
186,25,Lauren Pena,30401161.17,True,"101 Mary Street
Vegamouth, AS 86151",lutzjennifer@example.org,2024-04-27 06:15:24
187,25,Jill Jones,11951410.82,False,"Unit 4463 Box 9046
DPO AA 90054",ashleyrodriguez@example.com,2024-01-27 03:05:51
188,25,Vincent Rodriguez,18638550.62,False,"8105 Oliver Estates Apt. 407
Guzmanchester, PW 99865",joseph13@example.net,2024-05-07 13:20:21
189,25,Mr. Luke Sanford,20274820.67,True,"191 Penny Junctions
Waynefort, NY 37884",laura20@example.com,2023-02-28 03:27:00
190,25,Robert Romero,34146564.56,True,"906 Gray Way
Johnsonberg, CA 14645",nbrandt@example.net,2023-03-11 12:38:03
191,25,Michael Vasquez,34133404.42,True,"600 Stewart Cove Apt. 240
New Eduardo, AK 78007",michael28@example.org,2021-11-29 15:24:36
192,26,Patricia Chambers,9768716.5,True,"4059 Williams Drive
West Michelleside, OH 16059",christinawheeler@example.com,2020-08-29 16:28:11
193,26,Nicolas Cox,11695061.78,True,"454 Jamie Villages
Collinsville, GU 36282",shannon74@example.com,2020-07-24 23:10:51
194,26,Patricia Newman,31771719.77,True,"745 Nicholson Keys
East Ann, AZ 33064",yvette99@example.com,2022-08-14 01:32:57
195,26,Paul Cain,13051160.1,True,"5680 Brian Cliffs Apt. 413
Reginaldberg, PW 65360",zolson@example.com,2024-07-30 09:34:46
196,26,Jamie Richards,32161113.57,True,"83965 Christopher Rest
North Alec, NJ 61742",smithleroy@example.net,2023-12-01 18:06:46
197,26,James Hernandez,26810146.65,False,"8696 Cruz Rapid Apt. 158
Port Cynthiaside, IL 17036",nathanielhahn@example.org,2022-07-09 00:45:29
198,27,Jill Whitaker,24542184.32,True,"720 Chen Mission
North Scottview, LA 74536",rodriguezbrent@example.com,2023-07-28 16:22:40
199,27,Savannah Hatfield,30155022.7,True,"8683 Joseph Forest Apt. 087
Jaredmouth, NJ 18515",matthew52@example.com,2020-09-04 02:33:33
200,27,Teresa Miller,34144449.93,True,"626 Alexander Crescent Apt. 164
Lindseymouth, WI 36172",yhill@example.com,2024-07-14 02:47:33
201,27,Randy West,19151169.24,True,"USS Mitchell
FPO AA 95201",mark27@example.com,2020-08-21 07:23:31
202,27,Amber Hopkins,18024509.87,True,"3136 Wong Land
Mooneyfurt, SC 00988",burkekristin@example.com,2021-12-03 14:49:55
203,28,Christopher Trevino,34690358.02,True,"52669 Pierce Valleys Apt. 998
Angelahaven, RI 89165",nwest@example.org,2020-06-03 10:39:48
204,28,Samantha Stanton,26369178.1,True,"0836 Gillespie Forge Suite 320
New Madison, CA 21216",lopezisaac@example.net,2024-03-26 03:31:30
205,28,Elizabeth Dawson,31511288.05,True,"20263 Vincent Springs
New Jessica, NJ 86368",mbarnes@example.org,2023-10-08 15:54:13
206,28,Amber Frazier,34334014.3,True,"97893 Brian Walks Suite 501
Lake Karen, MD 82305",williamsoto@example.org,2023-01-14 23:59:14
207,28,Jason Ross,10677083.76,True,"408 Melendez Ways
North Stephentown, NY 12303",reedkatherine@example.org,2022-06-08 22:10:39
208,29,Dr. Jonathan Floyd DDS,11939296.3,True,"PSC 2076, Box 6193
APO AP 90186",pdelacruz@example.net,2023-09-22 10:45:50
209,29,Daniel Hood,32369276.15,True,"717 Lopez Island
East Johnshire, AZ 46807",jillian59@example.net,2021-11-10 13:31:34
210,29,Heidi Garcia,22332019.13,True,"162 Mcintosh Freeway
North Robert, TX 19649",ihopkins@example.org,2020-11-12 09:27:08
211,29,Julie King,21035206.44,True,"075 Wright Extension
New Lauren, RI 62185",seanjones@example.net,2024-01-24 01:58:00
212,29,Kelly Johnson MD,11081329.45,False,"4673 Payne Land
Baileytown, NM 56260",leonard34@example.com,2024-10-07 13:19:49
213,29,Jessica Mckee,29466252.23,False,"905 Richard Springs Apt. 469
Dylanborough, OR 58837",davisjason@example.org,2020-08-31 09:26:44
214,29,Lisa Cummings,25501818.39,True,"93476 Renee Passage Suite 016
South Gloriaton, NC 27862",vincent48@example.net,2024-07-21 20:29:17
215,29,Michael Harris,32749133.48,False,"911 Bruce Viaduct Apt. 055
North Louisborough, OR 09123",edward38@example.net,2022-02-27 20:13:21
216,30,Caitlin Miller,12375546.77,True,"5686 Bryan Extension Suite 921
Marilynton, IN 75845",barry48@example.com,2022-09-20 14:25:44
217,30,Robert Carter,23861746.85,True,"966 Kaylee Circle Suite 251
New Danaburgh, FM 14191",whitney17@example.net,2020-07-16 01:13:41
218,30,Zachary Lopez,27719863.11,True,"00056 Esparza Spur Apt. 555
Alexandraville, AS 51407",robert35@example.org,2022-03-04 07:17:48
219,30,Nicole George,13710361.11,True,"727 Robin Causeway
East Bradley, WV 63027",kelleyjulie@example.net,2021-12-18 01:06:42
220,30,Jesse Jones,23086487.89,True,"58286 Laurie Light Apt. 711
Port Tonyland, MI 33254",john40@example.org,2023-08-09 08:38:51
221,30,John Richards,11399200.35,True,"7959 Justin Terrace
Kanefurt, MP 17974",ksimon@example.org,2021-05-06 14:33:37
222,30,Victoria Patterson,36606470.75,True,"79764 Johnny Brook Suite 250
Walshbury, WI 13918",joyce96@example.net,2023-10-26 12:48:18
223,31,Melissa Brown,38537069.56,True,"PSC 1801, Box 6784
APO AE 80742",benjaminmejia@example.com,2020-02-14 12:31:07
224,31,Stephen Collins,16026234.47,True,"111 Garza Union
East Seanmouth, MT 27160",johntaylor@example.net,2020-04-05 06:16:58
225,31,Kathryn Woods,8512246.85,True,"49487 Johnson Rest
Port Sarafurt, VT 60497",tracywalker@example.net,2020-09-13 06:05:04
226,31,Cheryl Ward,39494156.22,False,"08071 Amanda Court
North Jacquelinetown, MI 84384",bellpaul@example.net,2023-02-04 10:28:01
227,31,Andrew Martinez,12529733.28,False,"11023 Erin Oval Apt. 156
Danielport, MN 37090",gilbertjennifer@example.org,2020-11-25 23:08:50
228,31,Jenna Martinez,16821447.62,True,"1295 Rodriguez Turnpike
Mathewsville, GA 77991",christianmartin@example.net,2024-07-30 10:38:11
229,31,Melissa Curtis,33265120.59,True,"622 Austin Viaduct Apt. 695
Paulmouth, FM 95242",tperkins@example.org,2024-02-09 19:47:28
230,32,Tyler Young,25797272.3,True,"960 Adam Flats
New Andrea, ND 76360",mflores@example.net,2022-08-14 19:20:52
231,32,Sharon Peck,14738122.53,True,"597 Williams Coves
Port Sean, UT 57909",howardlindsey@example.net,2022-08-05 03:18:09
232,32,Lauren Smith,17435578.98,True,"86753 Knox Locks Suite 519
West Anthony, NV 16166",eelliott@example.net,2024-07-21 09:44:40
233,32,Stephanie Wells,35667981.05,False,"2024 Rodriguez Dale Suite 779
Gomezside, TX 10886",smunoz@example.org,2021-07-08 05:47:45
234,32,Jaime Trujillo,18898046.12,False,"497 Pamela Underpass
Port Alexandraberg, WV 11423",ambershaw@example.com,2020-03-17 17:33:19
235,32,Michael Smith,38109636.18,False,"53988 Caitlin Isle Suite 830
Phillipmouth, UT 90404",michael78@example.org,2020-08-30 16:26:25
236,32,Angel Stephenson,16304431.71,True,"61092 Montoya Crossing Apt. 389
West Jillian, GA 60931",susanterry@example.net,2024-08-06 06:47:42
237,32,Amanda Guzman,10750350.45,True,"803 Laura Roads
Jonesfort, MT 93538",francosusan@example.net,2022-08-18 10:34:57
238,33,Crystal Benjamin,29682084.59,True,"PSC 9072, Box 4077
APO AA 48691",tyler56@example.net,2025-02-23 01:31:22
239,33,Andres Gaines,9059666.24,True,"11118 Tran Station Apt. 241
New Amyland, HI 54906",ulittle@example.com,2020-03-31 05:21:58
240,33,Arthur Smith,33729145.77,True,"54039 Valerie Land
Jessicaton, VI 40689",edwardskatie@example.com,2021-08-01 12:04:56
241,33,George Barton,19650075.3,True,"1538 Rogers Throughway Suite 877
Martinezmouth, OR 48550",vperez@example.com,2021-05-05 01:56:08
242,33,Olivia Olson,33146698.02,True,"Unit 9384 Box 1690
DPO AA 23168",andrewzimmerman@example.net,2022-04-23 19:34:58
243,33,Kristin Aguirre,19457361.88,False,"7413 Kayla Gateway Apt. 001
Jerryshire, AL 30190",grimesalicia@example.org,2024-04-13 22:19:54
244,33,Katrina Stone,35500909.82,False,"42172 Stone Pike Suite 942
Henrymouth, IL 96343",huberamanda@example.org,2020-06-04 19:08:11
245,34,Kevin Mcgee,11716684.56,True,"PSC 1245, Box 2919
APO AA 12417",ericabarron@example.com,2021-08-02 01:48:08
246,34,Ryan Carson,9776724.83,True,"7480 Julia Row Apt. 785
South Ericahaven, CO 16920",dawn36@example.net,2024-05-15 06:04:49
247,34,Leslie Wolfe,18247085.96,True,"895 Sarah Ford Apt. 255
East Kevin, NM 06817",vjohnson@example.net,2021-01-30 23:57:22
248,34,Sean Nixon,20185919.07,True,"384 William Points Apt. 392
Obrienland, NV 82559",jeremysmith@example.org,2022-06-26 02:38:41
249,34,Joan Rodriguez,37387533.64,True,"USS Robertson
FPO AP 76859",matthewhunt@example.org,2023-01-20 04:19:59
250,34,Michael Garcia,20210037.82,True,"8173 Dyer Plaza
Lake Markton, OR 28111",xmcclain@example.net,2021-02-18 00:38:23
251,34,Kenneth Simon,15888786.05,False,"977 Spence Burgs
New Adamfurt, GA 14360",mary53@example.org,2021-01-18 20:13:57
252,34,Jessica Walker,9730926.4,False,"USCGC Ramos
FPO AP 48953",bailey51@example.net,2023-02-12 16:05:04
253,34,Wesley Kelly,32405938.33,True,"1635 Victor Terrace Suite 252
South Markview, WI 49048",mmoore@example.com,2021-12-26 21:40:46
254,34,Brian Glass,32309228.68,False,"2060 Timothy Bypass Apt. 272
Murphyhaven, NV 39419",emalone@example.org,2024-04-29 13:18:48
255,35,Brittany Gibson,17181646.03,True,"37390 French Track Suite 917
Port Markhaven, GA 00846",rmorales@example.net,2024-07-31 04:04:59
256,35,Keith Shepherd,25154839.89,True,"108 Mallory Mews Suite 292
New Drewhaven, OK 31386",arobinson@example.net,2023-08-04 09:06:19
257,35,Scott Fields,23801884.79,True,"2792 Watts Lodge
Zimmermanland, VT 65818",jade31@example.net,2020-07-17 00:09:16
258,35,Kenneth Mack,27416915.14,False,"204 Cox Parkways Suite 833
West Samantha, FL 28037",jimenezjoshua@example.com,2020-05-07 05:21:45
259,35,Rachel Cooley,36742171.99,False,"1258 John Row Suite 681
Meghanfort, IA 86152",tbowman@example.net,2022-02-12 01:33:04
260,35,Rachel Knapp,11531170.84,True,"45903 Stephanie Courts
North Kevin, WV 18228",steven84@example.com,2024-02-17 04:16:50
261,36,Dorothy Kramer,15446848.42,True,"0461 Brandy Tunnel
Harrishaven, KS 62390",elynch@example.org,2024-09-28 09:42:24
262,36,Pamela Wu,13283737.63,True,"3577 Nicholas Common Suite 864
Port Thomas, SD 31677",laurabaker@example.net,2024-11-17 23:06:21
263,36,Jackie Miller,14479791.35,True,"56438 Jonathan Lights Suite 538
Tonyafurt, GU 38375",thomasirwin@example.org,2023-01-14 05:28:16
264,36,Jordan Payne,18655360.66,True,"9641 Bautista Plain
Nortonton, SC 14300",joel37@example.com,2023-09-04 13:06:26
265,36,Daniel Grant,8009752.57,True,"657 Cline Route
Kellyville, MN 37310",jeremiah16@example.net,2020-02-04 12:50:14
266,36,Rebecca Floyd,23529329.92,True,"52387 Hancock Prairie Suite 610
Craigburgh, NM 90927",gabrielamadden@example.com,2024-12-28 16:51:15
267,37,Michelle Rivera,37626806.57,True,"32113 Courtney Drive Suite 162
Mooreburgh, PA 59325",butlerpamela@example.com,2023-07-12 00:45:42
268,37,Susan Riddle,37560683.15,True,"1533 Kimberly Gardens Apt. 565
Kelleymouth, TX 89257",nathaniel94@example.com,2020-02-20 08:23:38
269,37,Melissa Smith,26523084.45,True,"67253 Wyatt Stream
Thomasport, WY 69300",rhooper@example.net,2023-12-02 20:36:25
270,37,Gregory Bowen,9235471.01,True,"91230 Robinson Spurs Suite 602
Beckyside, PW 50810",ruben23@example.net,2023-10-25 18:25:39
271,37,Lucas Scott,16350136.79,False,"276 Jane Field
West Alejandro, AK 88443",tonyaford@example.com,2021-08-08 00:35:22
272,37,Nicole Johnson,35348981.2,True,"62535 Lisa Glens Apt. 963
New Kennethmouth, MD 08230",cohentimothy@example.org,2024-06-18 00:39:12
273,37,Christina Pierce,8482628.12,False,"4960 Sellers Burg Suite 179
North Richardshire, VI 96266",brucekelly@example.com,2023-02-27 15:47:52
274,37,Travis Jackson,38609011.22,False,"954 Paul Villages
New Maurice, DC 66304",ujennings@example.com,2020-10-21 00:07:31
275,37,Janice Callahan,11737013.87,False,"6087 Jay Circles Apt. 776
West Kellyshire, NH 38977",hudsonlori@example.net,2023-12-11 15:15:10
276,38,Thomas Rodriguez,12836245.15,True,"97920 Wilson Hill
Lake Richard, GA 05834",kmurphy@example.org,2020-01-14 03:01:46
277,38,Timothy Smith,24939436.98,True,"5773 Houston Orchard
Port Matthew, NC 91551",vpoole@example.net,2020-12-05 15:58:12
278,38,Heidi Griffith,34459600.91,True,"9087 Dawson Point
Wardport, AK 92093",barnesbradley@example.org,2021-07-22 02:31:05
279,38,David Perez,21059502.82,False,"6020 Riddle Skyway
South Mark, AZ 67076",jonesnicholas@example.com,2020-01-15 10:54:29
280,38,Christina Roberts,14441399.18,True,"68843 Michael Pike
Rodriguezhaven, PW 36482",amiller@example.net,2023-12-23 19:46:36
281,39,Brandon Lawrence,28354177.7,True,"60658 Foster Islands Suite 383
Stephanietown, MD 42624",sandragardner@example.net,2023-11-07 05:35:08
282,39,Jason Morales,39964097.97,True,"100 Matthew Wall Apt. 031
Obrienmouth, AK 50949",gfisher@example.com,2022-07-09 11:31:51
283,39,Tyler Barber,35230830.1,True,"Unit 6574 Box 3439
DPO AP 69532",arivers@example.org,2023-05-13 23:02:33
284,39,Andrea Glover,36477717.0,True,"36965 Robles Common
Sheilaport, NV 47274",rachael67@example.net,2023-03-29 00:28:47
285,39,Jessica Hester,29457694.41,False,"0697 David Groves
North Derrick, WV 91950",shelly27@example.net,2020-12-16 11:00:30
286,40,Sarah Frye,10175022.08,True,"3501 Conway Roads
West Adamstad, OR 81461",matthewchen@example.org,2022-06-08 02:43:18
287,40,Shelly Howell,14177072.41,True,"535 Gordon Common
Cooperview, IA 97522",michael53@example.net,2022-04-07 23:26:01
288,40,Patrick Ortiz,35751947.43,True,"124 John Shoals Suite 445
South Erika, ID 11635",fbrooks@example.com,2021-07-20 21:25:04
289,40,Deborah Martin,9988500.65,False,"912 Brandy Hills Suite 486
Barnettburgh, FM 01939",ywilliams@example.com,2020-01-04 14:23:11
290,40,Joseph Garner,22194933.86,True,"1109 Brooke Place
Port Rachelborough, FL 26212",sandrafisher@example.org,2022-03-11 13:54:18
291,40,Todd Schultz,27873416.39,False,"5637 Wilcox Mountain Apt. 795
East Luis, MH 05463",wchavez@example.net,2024-09-18 07:30:16
292,41,Joseph Hill,18092236.31,True,"191 Kristen Curve Apt. 728
Lake Vanessaland, IL 45412",andrew47@example.org,2021-02-06 02:55:11
293,41,Stephanie Wilkinson,38290121.52,True,"66423 Kevin Loaf Apt. 471
Lisaton, WY 16587",jake68@example.com,2020-03-08 07:15:37
294,41,Kevin Reilly,9306561.59,True,"USS Thomas
FPO AE 69405",craig79@example.org,2020-10-14 15:43:29
295,41,Bryan Johnson,11774338.19,True,"3753 Tommy Loop Apt. 641
Port Charles, KY 20012",angelareyes@example.com,2020-04-11 18:42:40
296,41,Aaron Marshall,8306436.24,True,"37397 Thompson Cliffs Suite 712
South Lisaton, SD 29991",william50@example.net,2023-08-10 03:26:38
297,41,Molly Patterson,36383531.07,False,"PSC 4654, Box 8119
APO AE 40798",joseph63@example.com,2021-09-06 19:00:04
298,41,Jonathan Ruiz,8207896.3,True,"57046 Jones Springs
South Jennifer, ID 80236",dyerlori@example.com,2022-09-06 07:45:00
299,41,Michael Herrera,34158944.37,False,"778 Amy Gardens
North Michaelmouth, AR 11333",padams@example.com,2021-01-17 23:33:59
300,41,Juan Robinson,17033731.37,False,"23421 Travis Mountain
New David, AR 06439",gwilliams@example.org,2023-02-17 10:14:52
301,42,Kimberly Ellis,18256771.24,True,"20820 Stephen Walks Suite 131
Rogersland, PA 73216",dscott@example.com,2020-04-20 10:02:37
302,42,Roger Barnett,38030017.71,True,"457 Matthew Ways
East Jerry, OK 79014",teresa65@example.net,2022-05-19 08:01:03
303,42,Garrett Willis,29968935.79,True,"830 Brown Ridge Apt. 199
Martinezstad, AR 24304",scottgarrett@example.org,2023-03-09 12:11:19
304,42,Gregory Welch,30035150.56,False,"5786 Johnson Burgs Suite 838
Williambury, MS 40094",strongjames@example.com,2020-10-17 04:36:23
305,42,Margaret Johnson,35299762.5,False,"75024 Anthony Station Apt. 168
Richardport, PR 60765",perkinsmatthew@example.org,2021-06-22 13:35:18
306,42,Nicholas Moore,28478456.8,True,"PSC 3678, Box 5841
APO AP 38122",robleseric@example.com,2024-12-07 17:23:59
307,42,Jacob Campbell,16592819.92,True,"0115 Vaughn Walk Suite 068
Jeffreyton, SD 86961",jefferybuck@example.net,2021-04-27 02:57:27
308,42,Laura Hansen,33996193.44,False,"5031 Garcia Streets Apt. 537
North Melissafort, NJ 79893",dsandoval@example.org,2023-08-06 20:42:55
309,42,Dawn Stevens,31498017.87,False,"178 Sosa Spring Apt. 575
Rileyland, WV 05160",laurie32@example.net,2020-10-13 23:03:03
310,43,Jessica Yates,18949137.53,True,"6133 Whitehead Prairie Apt. 627
West Allen, FL 33855",justingeorge@example.org,2024-10-27 21:59:52
311,43,Tommy Schneider,16491841.87,True,"Unit 5659 Box 7005
DPO AA 49971",walkerbeth@example.net,2021-12-06 10:00:11
312,43,Lisa Edwards,11839891.49,True,"49044 Alexander Springs
South Alexisshire, IL 94699",zcolon@example.net,2021-07-05 21:57:16
313,43,Johnny Melendez,24463701.25,True,"578 Mccarthy Mountain Suite 438
Silvashire, GU 44743",diane94@example.com,2021-10-17 00:53:43
314,43,Kevin Chavez,27522028.79,False,"7324 David Ways Suite 333
Lake Kristina, MO 92122",gary77@example.com,2025-02-16 11:37:50
315,43,Jamie Jackson,38472496.91,False,"7698 Jasmine Roads
Katherineview, OK 02713",stevenschad@example.net,2024-07-11 22:19:28
316,43,Jennifer Martin,34073985.06,True,"277 Richard Parks Apt. 268
Washingtonburgh, VA 52002",hortontrevor@example.net,2021-08-01 11:16:03
317,43,Rhonda Holland,38775614.78,True,"4690 Vanessa Mission
Bookershire, GU 07616",vdawson@example.com,2023-08-30 18:37:23
318,43,Stacy Miller,19686661.96,False,"38891 Charles River
Danielhaven, MS 82351",nathanlittle@example.org,2021-09-16 11:28:13
319,43,Anthony Williams,18326858.63,True,"6091 Klein Brooks Suite 244
Frenchberg, UT 36200",brittanyblanchard@example.com,2021-12-30 10:55:35
320,44,Chad Moody,16205439.69,True,"386 Young Orchard Suite 747
Port Taraberg, ND 36130",sylviacollins@example.org,2020-11-21 22:52:23
321,44,Joseph Burnett,8616188.48,True,"6248 Sarah Terrace Apt. 159
Justinfurt, ID 57424",courtneylyons@example.org,2021-06-13 22:14:35
322,44,Hannah Cuevas,28081072.41,True,"722 Leonard Pines
Port Matthewbury, OH 29367",marthamahoney@example.net,2022-10-06 01:56:14
323,44,John Guzman,28856148.58,False,"056 Blake Walks
Perezbury, PR 22961",ccarr@example.com,2020-07-31 22:49:29
324,44,Jonathan Santiago,18276776.9,False,"043 Vincent Plaza
Lake Jerry, PA 21158",charleslowe@example.net,2022-07-19 08:15:15
325,44,James Spencer,34195830.46,True,"030 Moody Gardens
Jessicafort, FL 15547",xwilkinson@example.org,2023-12-08 22:05:56
326,44,Matthew Evans,13872101.79,True,"596 Becker Mount
Randallport, VT 40765",dawnhoffman@example.com,2020-10-03 20:52:04
327,44,Amanda Thompson,35402340.69,False,"44106 Richard Vista Apt. 687
Davenportville, TN 31042",patrickjennings@example.net,2020-07-16 06:35:10
328,44,Tracy Odom,24975079.52,True,"84121 Hansen Track Apt. 306
North Rachelfort, AZ 04047",robin61@example.com,2024-10-19 15:09:41
329,44,Alexandria Soto,9992688.61,True,"249 Fisher Overpass Suite 343
Port Abigail, ND 04769",bakerkatherine@example.org,2020-10-07 04:00:28
330,45,Connor Parrish,29491678.75,True,"52343 Frederick Orchard Apt. 050
Scottbury, KY 79758",anna17@example.net,2022-01-09 09:46:50
331,45,Mrs. Alicia Knox,20735230.04,True,"USNS Hutchinson
FPO AP 49543",johnhays@example.net,2022-11-25 18:23:05
332,45,Ashley Johnson,36951120.25,True,"7534 John Extensions
Bowerstown, RI 77698",sharonhickman@example.net,2023-05-03 11:38:25
333,45,Fred Jones,26073508.28,False,"47057 Paul Bridge Suite 741
South Nathaniel, CA 86487",dclark@example.com,2020-05-27 11:20:06
334,45,Alexa Wright,15173408.09,True,"924 Cameron Fields Suite 466
Beniteztown, FM 15570",zachary96@example.com,2022-10-15 22:21:45
335,45,Valerie Gibson,34541591.07,False,"88887 Peterson Underpass
Coxborough, VI 56413",sheryloconnell@example.org,2021-03-17 15:36:33
336,45,Jennifer Scott,34772274.22,True,"Unit 2938 Box 7148
DPO AA 78311",vmurphy@example.net,2023-01-21 10:12:17
337,45,Ronald Wood,32300465.01,True,"USNS Wilson
FPO AE 89518",dmccormick@example.com,2022-05-15 07:43:24
338,45,Cole Jones,25876845.26,True,"0527 Macias Mountains
Brianmouth, CA 34882",donaldgonzalez@example.net,2023-05-14 05:13:39
339,46,James Barnes,23156075.44,True,"USS Chapman
FPO AP 46010",elizabethdavis@example.net,2020-07-18 15:26:39
340,46,Jennifer Lee,14514721.66,True,"47904 Amber Oval Apt. 925
North Jeffrey, SD 44047",steven33@example.com,2021-09-19 22:59:02
341,46,Brian Compton,10416358.84,True,"49938 Nguyen Meadows
East Robertview, MO 96631",robert16@example.com,2024-12-25 13:55:56
342,46,Daniel Brown,30583112.53,False,"7210 Tammy Harbors Suite 612
Aaronton, SC 35074",oshea@example.net,2020-11-21 16:42:26
343,46,Monica Tran,34142140.81,False,"32857 Ayers Keys
Jeffreyview, AL 88986",cbooth@example.net,2023-08-12 21:22:37
344,46,Alejandro Graves,34532930.52,False,"0128 Nielsen Drive
Johnside, RI 89595",kmiles@example.net,2022-11-07 05:57:04
345,46,Charles Hines,18706438.59,True,"363 Sampson Field
South Kellyshire, OK 55092",burnettjohn@example.net,2024-08-10 05:40:55
346,46,James Cardenas,24183959.98,False,"1918 Wolf Harbor
Port John, AZ 87191",erichood@example.com,2024-12-05 10:06:29
347,46,Erika Hardin,24502053.66,False,"1894 Smith Roads Apt. 307
Johnhaven, NY 53971",crossmegan@example.net,2020-02-12 00:03:19
348,47,Amber Clark,38578132.18,True,"883 Nixon Trafficway Apt. 560
Olsonburgh, WV 48176",hcastaneda@example.com,2020-03-28 16:45:07
349,47,William Oconnor,34398349.85,True,"328 Foster Port Suite 128
West Robertbury, NH 70033",pnoble@example.com,2024-05-10 12:18:08
350,47,Kyle Walter,21514389.68,True,"852 Tammy Squares
North Sheila, LA 91322",zacharylopez@example.org,2020-07-03 09:45:11
351,47,Jessica Stone,8557559.12,False,"27735 Dixon Ridge Apt. 614
Heidiview, FM 74942",felicia37@example.com,2024-07-28 02:29:49
352,47,Lonnie Paul,29351312.48,False,"08486 Leonard Spring
Port Jeremy, DC 07466",susan29@example.net,2021-11-19 03:04:35
353,47,Ryan Dixon,22778073.69,True,"PSC 8839, Box 0619
APO AE 42144",kcordova@example.org,2024-10-21 06:59:48
354,48,Lisa Davis,26125274.22,True,"773 Michael Club
Port Emma, KS 40250",melissamaldonado@example.net,2022-04-07 07:20:09
355,48,Nicholas Lopez,13592533.34,True,"103 Madison Glen
West Coryburgh, NM 24991",alejandra63@example.com,2024-02-11 16:29:31
356,48,Rebecca Smith,21248326.0,True,"818 Phillip Tunnel
New Erin, KS 96702",ecolon@example.com,2024-06-21 04:17:41
357,48,Michelle Smith,27641695.2,False,"033 Nguyen Village
Port Jessicatown, MI 14969",larry28@example.com,2023-10-13 01:32:19
358,48,Sarah Massey,32664739.72,True,"9623 Curtis Union Apt. 950
East Michael, CA 07748",dhampton@example.net,2023-07-13 10:44:21
359,48,Michael Robinson,28469323.33,True,"7524 Hopkins Inlet
East Brianburgh, CA 57009",thomas63@example.org,2021-05-13 22:10:12
360,48,David Maldonado,37100177.26,True,"36442 Erin Ridges Suite 651
Adamsborough, AZ 40364",swalls@example.com,2020-08-28 13:23:13
361,48,Dakota Perry,13698781.04,True,"41319 Jonathon Oval
North Kevin, PW 87887",rharris@example.net,2022-09-19 23:34:48
362,49,Adam Hatfield,23280697.23,True,"3918 Love Garden
Port Tracey, GU 71363",michelle61@example.org,2024-12-27 11:45:02
363,49,Toni Roberts,23492781.43,True,"7027 Robert Groves
East Meganberg, VA 06350",harrisstephanie@example.org,2021-05-08 02:12:43
364,49,Susan Mullen,35056577.48,True,"981 Taylor Isle
West Mason, MT 02641",matthewcole@example.net,2022-02-18 02:09:19
365,49,Rachel Morales,20011145.46,False,"040 Cook Keys Apt. 422
East Kimberly, GU 99351",duffyjonathan@example.org,2024-02-19 21:22:37
366,49,Wayne Mckay,27169630.33,False,"68749 Velasquez Meadows
Scottchester, DE 55083",tmccarthy@example.com,2023-03-19 04:55:20
367,50,Charlotte Olson,33714194.36,True,"7981 Selena Lodge Suite 262
Buckleymouth, NM 18736",tjames@example.org,2021-12-02 13:08:44
368,50,Shaun Braun,13876934.58,True,"56645 Jason Radial Suite 326
Lake Anthony, NJ 16872",jessica05@example.net,2023-08-18 18:37:57
369,50,Vanessa Wolf,30291033.65,True,"1871 Amy Trail
Sweeneyborough, WY 65248",ndixon@example.net,2022-04-06 17:53:10
370,50,Alexander Peterson,30743224.43,False,"67750 Velasquez Burgs
East Craigside, ID 34621",albertdavis@example.org,2024-01-07 18:48:01
371,50,Kevin Jones,22058881.85,True,"82998 Nguyen Glen
Susanmouth, MH 80073",johnsonmatthew@example.org,2022-05-04 03:36:27
372,50,Michael Wilson,19276124.57,False,"44095 Kenneth Trail
New Gloriaville, NJ 54628",colonshawna@example.org,2023-04-23 20:32:18
373,50,Ashley Munoz,21912357.83,False,"939 Hampton Squares Suite 314
North Todd, GA 24375",nwilliams@example.org,2024-10-14 23:57:45
374,50,Luis Vaughn,19750637.01,True,"826 Young Extension Suite 297
Combsside, GA 91254",pvelez@example.net,2024-07-29 21:37:01
375,50,James Evans,20616879.11,False,"95822 Timothy Ports
North Arthur, VA 57126",kennedywilliam@example.com,2023-03-25 21:02:44
